"","wafer","experiment","complex"
"1251a99hpp_av06.CEL","1251","a","+"
"1251b99hpp_av06.CEL","1251","b","+"
"1251c99hpp_av06.CEL","1251","c","+"
"1251d99hpp_av06.CEL","1251","d","+"
"1251e99hpp_av06.CEL","1251","e","+"
"1251f99hpp_av06.CEL","1251","f","+"
"1251g99hpp_av06.CEL","1251","g","+"
"1251h99hpp_av06.CEL","1251","h","+"
"1251i99hpp_av06.CEL","1251","i","+"
"1251j99hpp_av06.CEL","1251","j","+"
"1251k99hpp_av06.CEL","1251","k","+"
"1251l99hpp_av06.CEL","1251","l","+"
"1251m99hpp_av06.CEL","1251","m","+"
"1251n99hpp_av06.CEL","1251","n","+"
"1251o99hpp_av06.CEL","1251","o","+"
"1251p99hpp_av06.CEL","1251","p","+"
"1251q99hpp_av06.CEL","1251","q","+"
"1251r99hpp_av06.CEL","1251","r","+"
"1251s99hpp_av06.CEL","1251","s","+"
"1251t99hpp_av06.CEL","1251","t","+"
"1532a99hpp_av04.CEL","1532","a","+"
"1532b99hpp_av04.CEL","1532","b","+"
"1532c99hpp_av04.CEL","1532","c","+"
"1532d99hpp_av04.CEL","1532","d","+"
"1532e99hpp_av04.CEL","1532","e","+"
"1532f99hpp_av04.CEL","1532","f","+"
"1532g99hpp_av04.CEL","1532","g","+"
"1532h99hpp_av04.CEL","1532","h","+"
"1532i99hpp_av04.CEL","1532","i","+"
"1532j99hpp_av04.CEL","1532","j","+"
"1532k99hpp_av04.CEL","1532","k","+"
"1532l99hpp_av04.CEL","1532","l","+"
"1532m99hpp_av04.CEL","1532","m","+"
"1532n99hpp_av04.CEL","1532","n","+"
"1532o99hpp_av04.CEL","1532","o","+"
"1532p99hpp_av04.CEL","1532","p","+"
"1532q99hpp_av04.CEL","1532","q","+"
"1532r99hpp_av04.CEL","1532","r","+"
"1532s99hpp_av04.CEL","1532","s","+"
"1532t99hpp_av04.CEL","1532","t","+"
"2353a99hpp_av08.CEL","2353","a","+"
"2353b99hpp_av08.CEL","2353","b","+"
"2353d99hpp_av08.CEL","2353","d","+"
"2353e99hpp_av08.CEL","2353","e","+"
"2353f99hpp_av08.CEL","2353","f","+"
"2353g99hpp_av08.CEL","2353","g","+"
"2353h99hpp_av08.CEL","2353","h","+"
"2353i99hpp_av08.CEL","2353","i","+"
"2353j99hpp_av08.CEL","2353","j","+"
"2353k99hpp_av08.CEL","2353","k","+"
"2353l99hpp_av08.CEL","2353","l","+"
"2353m99hpp_av08.CEL","2353","m","+"
"2353n99hpp_av08.CEL","2353","n","+"
"2353o99hpp_av08.CEL","2353","o","+"
"2353p99hpp_av08.CEL","2353","p","+"
"2353q99hpp_av08.CEL","2353","q","+"
"2353r99hpp_av08.CEL","2353","r","+"
"2353s99hpp_av08.CEL","2353","s","+"
"2353t99hpp_av08.CEL","2353","t","+"
